"","date","Confirmed","Recovered","Deaths","Commune"
"1","2020/01/22",0,0,0,"Port-Bouet"
"2","2020/01/23",0,0,0,"Port-Bouet"
"3","2020/01/24",0,0,0,"Port-Bouet"
"4","2020/01/25",0,0,0,"Port-Bouet"
"5","2020/01/26",0,0,0,"Port-Bouet"
"6","2020/01/27",0,0,0,"Port-Bouet"
"7","2020/01/28",0,0,0,"Port-Bouet"
"8","2020/01/29",0,0,0,"Port-Bouet"
"9","2020/01/30",0,0,0,"Port-Bouet"
"10","2020/01/31",0,0,0,"Port-Bouet"
"11","2020/02/01",0,0,0,"Port-Bouet"
"12","2020/02/02",0,0,0,"Port-Bouet"
"13","2020/02/03",0,0,0,"Port-Bouet"
"14","2020/02/04",0,0,0,"Port-Bouet"
"15","2020/02/05",0,0,0,"Port-Bouet"
"16","2020/02/06",0,0,0,"Port-Bouet"
"17","2020/02/07",0,0,0,"Port-Bouet"
"18","2020/02/08",0,0,0,"Port-Bouet"
"19","2020/02/09",0,0,0,"Port-Bouet"
"20","2020/02/10",0,0,0,"Port-Bouet"
"21","2020/02/11",0,0,0,"Port-Bouet"
"22","2020/02/12",0,0,0,"Port-Bouet"
"23","2020/02/13",0,0,0,"Port-Bouet"
"24","2020/02/14",0,0,0,"Port-Bouet"
"25","2020/02/15",0,0,0,"Port-Bouet"
"26","2020/02/16",0,0,0,"Port-Bouet"
"27","2020/02/17",0,0,0,"Port-Bouet"
"28","2020/02/18",0,0,0,"Port-Bouet"
"29","2020/02/19",0,0,0,"Port-Bouet"
"30","2020/02/20",0,0,0,"Port-Bouet"
"31","2020/02/21",0,0,0,"Port-Bouet"
"32","2020/02/22",0,0,0,"Port-Bouet"
"33","2020/02/23",0,0,0,"Port-Bouet"
"34","2020/02/24",0,0,0,"Port-Bouet"
"35","2020/02/25",0,0,0,"Port-Bouet"
"36","2020/02/26",0,0,0,"Port-Bouet"
"37","2020/02/27",0,0,0,"Port-Bouet"
"38","2020/02/28",0,0,0,"Port-Bouet"
"39","2020/02/29",0,0,0,"Port-Bouet"
"40","2020/03/01",1,0,0,"Port-Bouet"
"41","2020/03/02",1,0,0,"Port-Bouet"
"42","2020/03/03",1,0,0,"Port-Bouet"
"43","2020/03/04",1,0,0,"Port-Bouet"
"44","2020/03/05",1,0,0,"Port-Bouet"
"45","2020/03/06",1,0,0,"Port-Bouet"
"46","2020/03/07",1,0,0,"Port-Bouet"
"47","2020/03/08",1,0,0,"Port-Bouet"
"48","2020/03/09",1,0,0,"Port-Bouet"
"49","2020/03/10",1,0,0,"Port-Bouet"
"50","2020/03/11",1,0,0,"Port-Bouet"
"51","2020/03/12",4,0,0,"Port-Bouet"
"52","2020/03/13",8,0,0,"Port-Bouet"
"53","2020/03/14",18,0,0,"Port-Bouet"
"54","2020/03/15",26,0,0,"Port-Bouet"
"55","2020/03/16",52,0,0,"Port-Bouet"
"56","2020/03/17",78,1,0,"Port-Bouet"
"57","2020/03/18",84,1,0,"Port-Bouet"
"58","2020/03/19",115,1,0,"Port-Bouet"
"59","2020/03/20",136,1,0,"Port-Bouet"
"60","2020/03/21",160,1,0,"Port-Bouet"
"61","2020/03/22",194,2,0,"Port-Bouet"
"62","2020/03/23",235,2,0,"Port-Bouet"
"63","2020/03/24",249,14,0,"Port-Bouet"
"64","2020/03/25",265,16,0,"Port-Bouet"
"65","2020/03/26",290,18,1,"Port-Bouet"
"66","2020/03/27",329,28,1,"Port-Bouet"
"67","2020/03/28",407,30,1,"Port-Bouet"
"68","2020/03/29",424,30,3,"Port-Bouet"
"69","2020/03/30",482,30,3,"Port-Bouet"
"70","2020/03/31",532,30,3,"Port-Bouet"
"71","2020/04/01",571,31,4,"Port-Bouet"
"72","2020/04/02",663,33,7,"Port-Bouet"
"73","2020/04/03",736,43,7,"Port-Bouet"
"74","2020/04/04",770,43,7,"Port-Bouet"
"75","2020/04/05",822,57,7,"Port-Bouet"
"76","2020/04/06",833,62,8,"Port-Bouet"
"77","2020/04/07",853,87,8,"Port-Bouet"
"78","2020/04/08",881,114,9,"Port-Bouet"
"79","2020/04/09",921,138,10,"Port-Bouet"
"80","2020/04/10",937,149,12,"Port-Bouet"
"81","2020/04/11",967,173,13,"Port-Bouet"
"82","2020/04/12",1013,197,13,"Port-Bouet"
"83","2020/04/13",1039,211,14,"Port-Bouet"
"84","2020/04/14",1067,265,16,"Port-Bouet"
"85","2020/01/22",0,0,0,"Yopougon"
"86","2020/01/23",0,0,0,"Yopougon"
"87","2020/01/24",0,0,0,"Yopougon"
"88","2020/01/25",0,0,0,"Yopougon"
"89","2020/01/26",0,0,0,"Yopougon"
"90","2020/01/27",0,0,0,"Yopougon"
"91","2020/01/28",0,0,0,"Yopougon"
"92","2020/01/29",0,0,0,"Yopougon"
"93","2020/01/30",0,0,0,"Yopougon"
"94","2020/01/31",0,0,0,"Yopougon"
"95","2020/02/01",0,0,0,"Yopougon"
"96","2020/02/02",0,0,0,"Yopougon"
"97","2020/02/03",0,0,0,"Yopougon"
"98","2020/02/04",0,0,0,"Yopougon"
"99","2020/02/05",0,0,0,"Yopougon"
"100","2020/02/06",0,0,0,"Yopougon"
"101","2020/02/07",0,0,0,"Yopougon"
"102","2020/02/08",0,0,0,"Yopougon"
"103","2020/02/09",0,0,0,"Yopougon"
"104","2020/02/10",0,0,0,"Yopougon"
"105","2020/02/11",0,0,0,"Yopougon"
"106","2020/02/12",0,0,0,"Yopougon"
"107","2020/02/13",0,0,0,"Yopougon"
"108","2020/02/14",0,0,0,"Yopougon"
"109","2020/02/15",0,0,0,"Yopougon"
"110","2020/02/16",0,0,0,"Yopougon"
"111","2020/02/17",0,0,0,"Yopougon"
"112","2020/02/18",0,0,0,"Yopougon"
"113","2020/02/19",0,0,0,"Yopougon"
"114","2020/02/20",0,0,0,"Yopougon"
"115","2020/02/21",0,0,0,"Yopougon"
"116","2020/02/22",0,0,0,"Yopougon"
"117","2020/02/23",0,0,0,"Yopougon"
"118","2020/02/24",0,0,0,"Yopougon"
"119","2020/02/25",0,0,0,"Yopougon"
"120","2020/02/26",0,0,0,"Yopougon"
"121","2020/02/27",0,0,0,"Yopougon"
"122","2020/02/28",0,0,0,"Yopougon"
"123","2020/02/29",0,0,0,"Yopougon"
"124","2020/03/01",0,0,0,"Yopougon"
"125","2020/03/02",0,0,0,"Yopougon"
"126","2020/03/03",0,0,0,"Yopougon"
"127","2020/03/04",0,0,0,"Yopougon"
"128","2020/03/05",0,0,0,"Yopougon"
"129","2020/03/06",0,0,0,"Yopougon"
"130","2020/03/07",0,0,0,"Yopougon"
"131","2020/03/08",0,0,0,"Yopougon"
"132","2020/03/09",0,0,0,"Yopougon"
"133","2020/03/10",0,0,0,"Yopougon"
"134","2020/03/11",0,0,0,"Yopougon"
"135","2020/03/12",0,0,0,"Yopougon"
"136","2020/03/13",0,0,0,"Yopougon"
"137","2020/03/14",0,0,0,"Yopougon"
"138","2020/03/15",0,0,0,"Yopougon"
"139","2020/03/16",0,0,0,"Yopougon"
"140","2020/03/17",0,0,0,"Yopougon"
"141","2020/03/18",0,0,0,"Yopougon"
"142","2020/03/19",0,0,0,"Yopougon"
"143","2020/03/20",1,0,0,"Yopougon"
"144","2020/03/21",2,0,0,"Yopougon"
"145","2020/03/22",2,0,0,"Yopougon"
"146","2020/03/23",3,0,0,"Yopougon"
"147","2020/03/24",3,0,0,"Yopougon"
"148","2020/03/25",3,0,0,"Yopougon"
"149","2020/03/26",4,0,0,"Yopougon"
"150","2020/03/27",4,0,0,"Yopougon"
"151","2020/03/28",5,0,0,"Yopougon"
"152","2020/03/29",7,0,2,"Yopougon"
"153","2020/03/30",7,1,2,"Yopougon"
"154","2020/03/31",7,1,2,"Yopougon"
"155","2020/04/01",8,1,2,"Yopougon"
"156","2020/04/02",8,1,2,"Yopougon"
"157","2020/04/03",8,1,2,"Yopougon"
"158","2020/04/04",10,2,2,"Yopougon"
"159","2020/04/05",14,2,2,"Yopougon"
"160","2020/04/06",16,2,2,"Yopougon"
"161","2020/04/07",17,2,2,"Yopougon"
"162","2020/04/08",19,2,2,"Yopougon"
"163","2020/04/09",19,2,2,"Yopougon"
"164","2020/04/10",19,2,2,"Yopougon"
"165","2020/04/11",19,4,2,"Yopougon"
"166","2020/04/12",19,4,2,"Yopougon"
"167","2020/04/13",19,4,2,"Yopougon"
"168","2020/04/14",19,5,2,"Yopougon"
"169","2020/01/22",0,0,0,"Abobo"
"170","2020/01/23",0,0,0,"Abobo"
"171","2020/01/24",0,0,0,"Abobo"
"172","2020/01/25",0,0,0,"Abobo"
"173","2020/01/26",0,0,0,"Abobo"
"174","2020/01/27",0,0,0,"Abobo"
"175","2020/01/28",0,0,0,"Abobo"
"176","2020/01/29",0,0,0,"Abobo"
"177","2020/01/30",0,0,0,"Abobo"
"178","2020/01/31",0,0,0,"Abobo"
"179","2020/02/01",0,0,0,"Abobo"
"180","2020/02/02",0,0,0,"Abobo"
"181","2020/02/03",0,0,0,"Abobo"
"182","2020/02/04",0,0,0,"Abobo"
"183","2020/02/05",0,0,0,"Abobo"
"184","2020/02/06",0,0,0,"Abobo"
"185","2020/02/07",0,0,0,"Abobo"
"186","2020/02/08",0,0,0,"Abobo"
"187","2020/02/09",0,0,0,"Abobo"
"188","2020/02/10",0,0,0,"Abobo"
"189","2020/02/11",0,0,0,"Abobo"
"190","2020/02/12",0,0,0,"Abobo"
"191","2020/02/13",0,0,0,"Abobo"
"192","2020/02/14",0,0,0,"Abobo"
"193","2020/02/15",0,0,0,"Abobo"
"194","2020/02/16",0,0,0,"Abobo"
"195","2020/02/17",0,0,0,"Abobo"
"196","2020/02/18",0,0,0,"Abobo"
"197","2020/02/19",0,0,0,"Abobo"
"198","2020/02/20",0,0,0,"Abobo"
"199","2020/02/21",0,0,0,"Abobo"
"200","2020/02/22",0,0,0,"Abobo"
"201","2020/02/23",0,0,0,"Abobo"
"202","2020/02/24",0,0,0,"Abobo"
"203","2020/02/25",2,0,0,"Abobo"
"204","2020/02/26",2,0,0,"Abobo"
"205","2020/02/27",3,0,0,"Abobo"
"206","2020/02/28",3,0,0,"Abobo"
"207","2020/02/29",9,0,0,"Abobo"
"208","2020/03/01",14,0,0,"Abobo"
"209","2020/03/02",18,0,0,"Abobo"
"210","2020/03/03",21,0,0,"Abobo"
"211","2020/03/04",29,0,0,"Abobo"
"212","2020/03/05",41,0,0,"Abobo"
"213","2020/03/06",55,0,0,"Abobo"
"214","2020/03/07",79,0,0,"Abobo"
"215","2020/03/08",104,0,0,"Abobo"
"216","2020/03/09",131,2,0,"Abobo"
"217","2020/03/10",182,4,0,"Abobo"
"218","2020/03/11",246,4,0,"Abobo"
"219","2020/03/12",302,4,1,"Abobo"
"220","2020/03/13",504,6,1,"Abobo"
"221","2020/03/14",655,6,1,"Abobo"
"222","2020/03/15",860,6,1,"Abobo"
"223","2020/03/16",1018,6,3,"Abobo"
"224","2020/03/17",1332,6,3,"Abobo"
"225","2020/03/18",1646,9,4,"Abobo"
"226","2020/03/19",2013,9,6,"Abobo"
"227","2020/03/20",2388,9,6,"Abobo"
"228","2020/03/21",2814,9,8,"Abobo"
"229","2020/03/22",3244,9,16,"Abobo"
"230","2020/03/23",4474,9,21,"Abobo"
"231","2020/03/24",5283,9,28,"Abobo"
"232","2020/03/25",5588,9,30,"Abobo"
"233","2020/03/26",6909,112,49,"Abobo"
"234","2020/03/27",7697,225,58,"Abobo"
"235","2020/03/28",8271,225,68,"Abobo"
"236","2020/03/29",8788,479,86,"Abobo"
"237","2020/03/30",9618,636,108,"Abobo"
"238","2020/03/31",10180,1095,128,"Abobo"
"239","2020/04/01",10711,1436,146,"Abobo"
"240","2020/04/02",11129,1749,158,"Abobo"
"241","2020/04/03",11524,2022,168,"Abobo"
"242","2020/04/04",11781,2507,186,"Abobo"
"243","2020/04/05",12051,2998,204,"Abobo"
"244","2020/04/06",12297,3463,220,"Abobo"
"245","2020/04/07",12639,4046,243,"Abobo"
"246","2020/04/08",12942,4512,273,"Abobo"
"247","2020/04/09",13244,5240,295,"Abobo"
"248","2020/04/10",13555,6064,319,"Abobo"
"249","2020/04/11",13806,6604,337,"Abobo"
"250","2020/04/12",13945,6987,350,"Abobo"
"251","2020/04/13",14041,7343,368,"Abobo"
"252","2020/04/14",14226,7633,384,"Abobo"
"253","2020/01/22",0,0,0,"Adjame"
"254","2020/01/23",0,0,0,"Adjame"
"255","2020/01/24",0,0,0,"Adjame"
"256","2020/01/25",0,0,0,"Adjame"
"257","2020/01/26",0,0,0,"Adjame"
"258","2020/01/27",0,0,0,"Adjame"
"259","2020/01/28",0,0,0,"Adjame"
"260","2020/01/29",0,0,0,"Adjame"
"261","2020/01/30",0,0,0,"Adjame"
"262","2020/01/31",0,0,0,"Adjame"
"263","2020/02/01",0,0,0,"Adjame"
"264","2020/02/02",0,0,0,"Adjame"
"265","2020/02/03",0,0,0,"Adjame"
"266","2020/02/04",1,0,0,"Adjame"
"267","2020/02/05",1,0,0,"Adjame"
"268","2020/02/06",1,0,0,"Adjame"
"269","2020/02/07",1,0,0,"Adjame"
"270","2020/02/08",1,0,0,"Adjame"
"271","2020/02/09",1,0,0,"Adjame"
"272","2020/02/10",1,0,0,"Adjame"
"273","2020/02/11",1,0,0,"Adjame"
"274","2020/02/12",1,0,0,"Adjame"
"275","2020/02/13",1,0,0,"Adjame"
"276","2020/02/14",1,0,0,"Adjame"
"277","2020/02/15",1,0,0,"Adjame"
"278","2020/02/16",1,0,0,"Adjame"
"279","2020/02/17",1,1,0,"Adjame"
"280","2020/02/18",1,1,0,"Adjame"
"281","2020/02/19",1,1,0,"Adjame"
"282","2020/02/20",1,1,0,"Adjame"
"283","2020/02/21",1,1,0,"Adjame"
"284","2020/02/22",1,1,0,"Adjame"
"285","2020/02/23",1,1,0,"Adjame"
"286","2020/02/24",1,1,0,"Adjame"
"287","2020/02/25",1,1,0,"Adjame"
"288","2020/02/26",1,1,0,"Adjame"
"289","2020/02/27",1,1,0,"Adjame"
"290","2020/02/28",1,1,0,"Adjame"
"291","2020/02/29",1,1,0,"Adjame"
"292","2020/03/01",2,1,0,"Adjame"
"293","2020/03/02",8,1,0,"Adjame"
"294","2020/03/03",13,1,0,"Adjame"
"295","2020/03/04",23,1,0,"Adjame"
"296","2020/03/05",50,1,0,"Adjame"
"297","2020/03/06",109,1,0,"Adjame"
"298","2020/03/07",169,1,0,"Adjame"
"299","2020/03/08",200,1,0,"Adjame"
"300","2020/03/09",239,1,0,"Adjame"
"301","2020/03/10",267,1,0,"Adjame"
"302","2020/03/11",314,1,3,"Adjame"
"303","2020/03/12",314,1,3,"Adjame"
"304","2020/03/13",559,1,3,"Adjame"
"305","2020/03/14",689,1,4,"Adjame"
"306","2020/03/15",886,1,4,"Adjame"
"307","2020/03/16",1058,1,5,"Adjame"
"308","2020/03/17",1243,1,10,"Adjame"
"309","2020/03/18",1486,31,14,"Adjame"
"310","2020/03/19",1795,31,21,"Adjame"
"311","2020/03/20",2257,31,37,"Adjame"
"312","2020/03/21",2815,263,67,"Adjame"
"313","2020/03/22",3401,263,75,"Adjame"
"314","2020/03/23",3743,401,88,"Adjame"
"315","2020/03/24",4269,461,122,"Adjame"
"316","2020/03/25",4937,547,178,"Adjame"
"317","2020/03/26",6235,675,220,"Adjame"
"318","2020/03/27",7284,858,289,"Adjame"
"319","2020/03/28",9134,1063,353,"Adjame"
"320","2020/03/29",10836,1359,431,"Adjame"
"321","2020/03/30",11899,1527,513,"Adjame"
"322","2020/03/31",12775,1696,705,"Adjame"
"323","2020/04/01",13964,2132,828,"Adjame"
"324","2020/04/02",15348,2495,1011,"Adjame"
"325","2020/04/03",16770,2872,1143,"Adjame"
"326","2020/04/04",18431,3247,1283,"Adjame"
"327","2020/04/05",19691,3751,1447,"Adjame"
"328","2020/04/06",20814,3986,1632,"Adjame"
"329","2020/04/07",22194,4157,2035,"Adjame"
"330","2020/04/08",23403,4681,2240,"Adjame"
"331","2020/04/09",24983,5164,2523,"Adjame"
"332","2020/04/10",26667,5568,3019,"Adjame"
"333","2020/04/11",28018,5986,3346,"Adjame"
"334","2020/04/12",29647,6463,3600,"Adjame"
"335","2020/04/13",30589,6707,3903,"Adjame"
"336","2020/04/14",31119,6868,4157,"Adjame"
"337","2020/01/22",0,0,0,"Marcory"
"338","2020/01/23",0,0,0,"Marcory"
"339","2020/01/24",0,0,0,"Marcory"
"340","2020/01/25",0,0,0,"Marcory"
"341","2020/01/26",0,0,0,"Marcory"
"342","2020/01/27",0,0,0,"Marcory"
"343","2020/01/28",0,0,0,"Marcory"
"344","2020/01/29",0,0,0,"Marcory"
"345","2020/01/30",0,0,0,"Marcory"
"346","2020/01/31",0,0,0,"Marcory"
"347","2020/02/01",0,0,0,"Marcory"
"348","2020/02/02",0,0,0,"Marcory"
"349","2020/02/03",0,0,0,"Marcory"
"350","2020/02/04",0,0,0,"Marcory"
"351","2020/02/05",0,0,0,"Marcory"
"352","2020/02/06",0,0,0,"Marcory"
"353","2020/02/07",0,0,0,"Marcory"
"354","2020/02/08",0,0,0,"Marcory"
"355","2020/02/09",0,0,0,"Marcory"
"356","2020/02/10",0,0,0,"Marcory"
"357","2020/02/11",0,0,0,"Marcory"
"358","2020/02/12",0,0,0,"Marcory"
"359","2020/02/13",0,0,0,"Marcory"
"360","2020/02/14",0,0,0,"Marcory"
"361","2020/02/15",0,0,0,"Marcory"
"362","2020/02/16",0,0,0,"Marcory"
"363","2020/02/17",0,0,0,"Marcory"
"364","2020/02/18",0,0,0,"Marcory"
"365","2020/02/19",0,0,0,"Marcory"
"366","2020/02/20",0,0,0,"Marcory"
"367","2020/02/21",0,0,0,"Marcory"
"368","2020/02/22",0,0,0,"Marcory"
"369","2020/02/23",0,0,0,"Marcory"
"370","2020/02/24",0,0,0,"Marcory"
"371","2020/02/25",0,0,0,"Marcory"
"372","2020/02/26",0,0,0,"Marcory"
"373","2020/02/27",0,0,0,"Marcory"
"374","2020/02/28",0,0,0,"Marcory"
"375","2020/02/29",0,0,0,"Marcory"
"376","2020/03/01",0,0,0,"Marcory"
"377","2020/03/02",0,0,0,"Marcory"
"378","2020/03/03",0,0,0,"Marcory"
"379","2020/03/04",0,0,0,"Marcory"
"380","2020/03/05",0,0,0,"Marcory"
"381","2020/03/06",0,0,0,"Marcory"
"382","2020/03/07",0,0,0,"Marcory"
"383","2020/03/08",0,0,0,"Marcory"
"384","2020/03/09",0,0,0,"Marcory"
"385","2020/03/10",1,0,0,"Marcory"
"386","2020/03/11",2,0,0,"Marcory"
"387","2020/03/12",2,0,0,"Marcory"
"388","2020/03/13",2,0,0,"Marcory"
"389","2020/03/14",2,0,0,"Marcory"
"390","2020/03/15",3,0,0,"Marcory"
"391","2020/03/16",15,0,0,"Marcory"
"392","2020/03/17",15,0,0,"Marcory"
"393","2020/03/18",20,0,1,"Marcory"
"394","2020/03/19",33,0,1,"Marcory"
"395","2020/03/20",40,0,1,"Marcory"
"396","2020/03/21",64,5,2,"Marcory"
"397","2020/03/22",75,5,4,"Marcory"
"398","2020/03/23",99,5,4,"Marcory"
"399","2020/03/24",114,7,4,"Marcory"
"400","2020/03/25",146,10,4,"Marcory"
"401","2020/03/26",152,10,7,"Marcory"
"402","2020/03/27",180,12,9,"Marcory"
"403","2020/03/28",207,21,11,"Marcory"
"404","2020/03/29",222,23,12,"Marcory"
"405","2020/03/30",246,31,12,"Marcory"
"406","2020/03/31",261,32,14,"Marcory"
"407","2020/04/01",282,46,16,"Marcory"
"408","2020/04/02",288,50,16,"Marcory"
"409","2020/04/03",302,50,16,"Marcory"
"410","2020/04/04",318,66,16,"Marcory"
"411","2020/04/05",345,90,17,"Marcory"
"412","2020/04/06",364,108,18,"Marcory"
"413","2020/04/07",384,127,19,"Marcory"
"414","2020/04/08",414,134,23,"Marcory"
"415","2020/04/09",443,146,24,"Marcory"
"416","2020/04/10",448,149,26,"Marcory"
"417","2020/04/11",484,155,27,"Marcory"
"418","2020/04/12",497,161,27,"Marcory"
"419","2020/04/13",515,161,27,"Marcory"
"420","2020/04/14",528,177,30,"Marcory"
"421","2020/01/22",0,0,0,"Treichville"
"422","2020/01/23",0,0,0,"Treichville"
"423","2020/01/24",0,0,0,"Treichville"
"424","2020/01/25",0,0,0,"Treichville"
"425","2020/01/26",1,0,0,"Treichville"
"426","2020/01/27",1,0,0,"Treichville"
"427","2020/01/28",2,0,0,"Treichville"
"428","2020/01/29",2,0,0,"Treichville"
"429","2020/01/30",2,0,0,"Treichville"
"430","2020/01/31",4,0,0,"Treichville"
"431","2020/02/01",4,0,0,"Treichville"
"432","2020/02/02",4,0,0,"Treichville"
"433","2020/02/03",4,0,0,"Treichville"
"434","2020/02/04",4,0,0,"Treichville"
"435","2020/02/05",5,0,0,"Treichville"
"436","2020/02/06",5,0,0,"Treichville"
"437","2020/02/07",7,0,0,"Treichville"
"438","2020/02/08",7,0,0,"Treichville"
"439","2020/02/09",7,0,0,"Treichville"
"440","2020/02/10",7,0,0,"Treichville"
"441","2020/02/11",7,0,0,"Treichville"
"442","2020/02/12",7,1,0,"Treichville"
"443","2020/02/13",7,1,0,"Treichville"
"444","2020/02/14",7,1,0,"Treichville"
"445","2020/02/15",7,1,0,"Treichville"
"446","2020/02/16",7,1,0,"Treichville"
"447","2020/02/17",8,1,0,"Treichville"
"448","2020/02/18",8,1,0,"Treichville"
"449","2020/02/19",8,1,0,"Treichville"
"450","2020/02/20",8,1,0,"Treichville"
"451","2020/02/21",9,3,0,"Treichville"
"452","2020/02/22",9,3,0,"Treichville"
"453","2020/02/23",9,3,0,"Treichville"
"454","2020/02/24",10,3,0,"Treichville"
"455","2020/02/25",11,3,0,"Treichville"
"456","2020/02/26",11,3,0,"Treichville"
"457","2020/02/27",13,6,0,"Treichville"
"458","2020/02/28",14,6,0,"Treichville"
"459","2020/02/29",20,6,0,"Treichville"
"460","2020/03/01",24,6,0,"Treichville"
"461","2020/03/02",27,6,0,"Treichville"
"462","2020/03/03",30,6,0,"Treichville"
"463","2020/03/04",33,6,0,"Treichville"
"464","2020/03/05",37,6,0,"Treichville"
"465","2020/03/06",49,6,0,"Treichville"
"466","2020/03/07",54,8,0,"Treichville"
"467","2020/03/08",64,8,0,"Treichville"
"468","2020/03/09",77,8,1,"Treichville"
"469","2020/03/10",79,8,1,"Treichville"
"470","2020/03/11",108,8,1,"Treichville"
"471","2020/03/12",117,8,1,"Treichville"
"472","2020/03/13",193,8,1,"Treichville"
"473","2020/03/14",198,8,1,"Treichville"
"474","2020/03/15",252,8,1,"Treichville"
"475","2020/03/16",415,9,4,"Treichville"
"476","2020/03/17",478,9,5,"Treichville"
"477","2020/03/18",657,9,8,"Treichville"
"478","2020/03/19",800,9,9,"Treichville"
"479","2020/03/20",943,9,12,"Treichville"
"480","2020/03/21",1278,10,19,"Treichville"
"481","2020/03/22",1465,10,20,"Treichville"
"482","2020/03/23",2091,112,24,"Treichville"
"483","2020/03/24",2792,112,26,"Treichville"
"484","2020/03/25",3409,185,36,"Treichville"
"485","2020/03/26",4043,228,39,"Treichville"
"486","2020/03/27",4757,354,55,"Treichville"
"487","2020/03/28",5655,396,60,"Treichville"
"488","2020/03/29",6280,573,65,"Treichville"
"489","2020/03/30",7448,1093,89,"Treichville"
"490","2020/03/31",8591,1242,101,"Treichville"
"491","2020/04/01",9731,1736,114,"Treichville"
"492","2020/04/02",11283,1979,173,"Treichville"
"493","2020/04/03",12375,2186,208,"Treichville"
"494","2020/04/04",13912,2595,231,"Treichville"
"495","2020/04/05",15512,2942,280,"Treichville"
"496","2020/04/06",16666,3534,323,"Treichville"
"497","2020/04/07",17897,4028,381,"Treichville"
"498","2020/04/08",19438,4548,427,"Treichville"
"499","2020/04/09",20765,5311,509,"Treichville"
"500","2020/04/10",22148,6013,569,"Treichville"
"501","2020/04/11",23318,6428,653,"Treichville"
"502","2020/04/12",24292,7106,713,"Treichville"
"503","2020/04/13",25680,7756,780,"Treichville"
"504","2020/04/14",26897,8172,898,"Treichville"
"505","2020/01/22",0,0,0,"Cocody"
"506","2020/01/23",0,0,0,"Cocody"
"507","2020/01/24",0,0,0,"Cocody"
"508","2020/01/25",0,0,0,"Cocody"
"509","2020/01/26",0,0,0,"Cocody"
"510","2020/01/27",0,0,0,"Cocody"
"511","2020/01/28",0,0,0,"Cocody"
"512","2020/01/29",0,0,0,"Cocody"
"513","2020/01/30",0,0,0,"Cocody"
"514","2020/01/31",0,0,0,"Cocody"
"515","2020/02/01",0,0,0,"Cocody"
"516","2020/02/02",0,0,0,"Cocody"
"517","2020/02/03",0,0,0,"Cocody"
"518","2020/02/04",0,0,0,"Cocody"
"519","2020/02/05",0,0,0,"Cocody"
"520","2020/02/06",0,0,0,"Cocody"
"521","2020/02/07",0,0,0,"Cocody"
"522","2020/02/08",0,0,0,"Cocody"
"523","2020/02/09",0,0,0,"Cocody"
"524","2020/02/10",0,0,0,"Cocody"
"525","2020/02/11",0,0,0,"Cocody"
"526","2020/02/12",0,0,0,"Cocody"
"527","2020/02/13",0,0,0,"Cocody"
"528","2020/02/14",0,0,0,"Cocody"
"529","2020/02/15",0,0,0,"Cocody"
"530","2020/02/16",0,0,0,"Cocody"
"531","2020/02/17",0,0,0,"Cocody"
"532","2020/02/18",0,0,0,"Cocody"
"533","2020/02/19",0,0,0,"Cocody"
"534","2020/02/20",0,0,0,"Cocody"
"535","2020/02/21",0,0,0,"Cocody"
"536","2020/02/22",0,0,0,"Cocody"
"537","2020/02/23",0,0,0,"Cocody"
"538","2020/02/24",0,0,0,"Cocody"
"539","2020/02/25",0,0,0,"Cocody"
"540","2020/02/26",0,0,0,"Cocody"
"541","2020/02/27",0,0,0,"Cocody"
"542","2020/02/28",0,0,0,"Cocody"
"543","2020/02/29",0,0,0,"Cocody"
"544","2020/03/01",0,0,0,"Cocody"
"545","2020/03/02",0,0,0,"Cocody"
"546","2020/03/03",0,0,0,"Cocody"
"547","2020/03/04",0,0,0,"Cocody"
"548","2020/03/05",0,0,0,"Cocody"
"549","2020/03/06",0,0,0,"Cocody"
"550","2020/03/07",0,0,0,"Cocody"
"551","2020/03/08",0,0,0,"Cocody"
"552","2020/03/09",0,0,0,"Cocody"
"553","2020/03/10",0,0,0,"Cocody"
"554","2020/03/11",1,0,0,"Cocody"
"555","2020/03/12",1,0,0,"Cocody"
"556","2020/03/13",1,0,0,"Cocody"
"557","2020/03/14",1,0,0,"Cocody"
"558","2020/03/15",1,0,0,"Cocody"
"559","2020/03/16",1,0,0,"Cocody"
"560","2020/03/17",5,1,0,"Cocody"
"561","2020/03/18",6,1,0,"Cocody"
"562","2020/03/19",9,1,0,"Cocody"
"563","2020/03/20",9,1,0,"Cocody"
"564","2020/03/21",14,1,0,"Cocody"
"565","2020/03/22",14,1,0,"Cocody"
"566","2020/03/23",25,2,0,"Cocody"
"567","2020/03/24",73,2,0,"Cocody"
"568","2020/03/25",80,3,0,"Cocody"
"569","2020/03/26",96,3,0,"Cocody"
"570","2020/03/27",101,3,0,"Cocody"
"571","2020/03/28",101,3,0,"Cocody"
"572","2020/03/29",165,4,1,"Cocody"
"573","2020/03/30",168,6,1,"Cocody"
"574","2020/03/31",179,7,1,"Cocody"
"575","2020/04/01",190,9,1,"Cocody"
"576","2020/04/02",194,15,1,"Cocody"
"577","2020/04/03",218,19,1,"Cocody"
"578","2020/04/04",245,25,1,"Cocody"
"579","2020/04/05",261,37,3,"Cocody"
"580","2020/04/06",323,41,3,"Cocody"
"581","2020/04/07",349,41,3,"Cocody"
"582","2020/04/08",384,48,3,"Cocody"
"583","2020/04/09",444,52,3,"Cocody"
"584","2020/04/10",480,54,3,"Cocody"
"585","2020/04/11",533,58,4,"Cocody"
"586","2020/04/12",574,85,5,"Cocody"
"587","2020/04/13",626,89,6,"Cocody"
"588","2020/04/14",638,114,6,"Cocody"
"589","2020/01/22",0,0,0,"Koumassi"
"590","2020/01/23",0,0,0,"Koumassi"
"591","2020/01/24",0,0,0,"Koumassi"
"592","2020/01/25",0,0,0,"Koumassi"
"593","2020/01/26",0,0,0,"Koumassi"
"594","2020/01/27",0,0,0,"Koumassi"
"595","2020/01/28",0,0,0,"Koumassi"
"596","2020/01/29",0,0,0,"Koumassi"
"597","2020/01/30",0,0,0,"Koumassi"
"598","2020/01/31",0,0,0,"Koumassi"
"599","2020/02/01",0,0,0,"Koumassi"
"600","2020/02/02",0,0,0,"Koumassi"
"601","2020/02/03",0,0,0,"Koumassi"
"602","2020/02/04",0,0,0,"Koumassi"
"603","2020/02/05",0,0,0,"Koumassi"
"604","2020/02/06",0,0,0,"Koumassi"
"605","2020/02/07",0,0,0,"Koumassi"
"606","2020/02/08",0,0,0,"Koumassi"
"607","2020/02/09",0,0,0,"Koumassi"
"608","2020/02/10",0,0,0,"Koumassi"
"609","2020/02/11",0,0,0,"Koumassi"
"610","2020/02/12",0,0,0,"Koumassi"
"611","2020/02/13",0,0,0,"Koumassi"
"612","2020/02/14",0,0,0,"Koumassi"
"613","2020/02/15",0,0,0,"Koumassi"
"614","2020/02/16",0,0,0,"Koumassi"
"615","2020/02/17",0,0,0,"Koumassi"
"616","2020/02/18",0,0,0,"Koumassi"
"617","2020/02/19",0,0,0,"Koumassi"
"618","2020/02/20",0,0,0,"Koumassi"
"619","2020/02/21",0,0,0,"Koumassi"
"620","2020/02/22",0,0,0,"Koumassi"
"621","2020/02/23",0,0,0,"Koumassi"
"622","2020/02/24",0,0,0,"Koumassi"
"623","2020/02/25",0,0,0,"Koumassi"
"624","2020/02/26",0,0,0,"Koumassi"
"625","2020/02/27",0,0,0,"Koumassi"
"626","2020/02/28",0,0,0,"Koumassi"
"627","2020/02/29",0,0,0,"Koumassi"
"628","2020/03/01",0,0,0,"Koumassi"
"629","2020/03/02",0,0,0,"Koumassi"
"630","2020/03/03",0,0,0,"Koumassi"
"631","2020/03/04",0,0,0,"Koumassi"
"632","2020/03/05",0,0,0,"Koumassi"
"633","2020/03/06",0,0,0,"Koumassi"
"634","2020/03/07",0,0,0,"Koumassi"
"635","2020/03/08",0,0,0,"Koumassi"
"636","2020/03/09",0,0,0,"Koumassi"
"637","2020/03/10",0,0,0,"Koumassi"
"638","2020/03/11",2,0,0,"Koumassi"
"639","2020/03/12",2,0,0,"Koumassi"
"640","2020/03/13",2,0,0,"Koumassi"
"641","2020/03/14",2,0,0,"Koumassi"
"642","2020/03/15",3,0,0,"Koumassi"
"643","2020/03/16",6,0,0,"Koumassi"
"644","2020/03/17",8,0,0,"Koumassi"
"645","2020/03/18",9,0,0,"Koumassi"
"646","2020/03/19",12,0,0,"Koumassi"
"647","2020/03/20",24,0,0,"Koumassi"
"648","2020/03/21",24,0,0,"Koumassi"
"649","2020/03/22",26,0,0,"Koumassi"
"650","2020/03/23",30,0,0,"Koumassi"
"651","2020/03/24",30,0,0,"Koumassi"
"652","2020/03/25",36,0,0,"Koumassi"
"653","2020/03/26",52,0,1,"Koumassi"
"654","2020/03/27",68,0,1,"Koumassi"
"655","2020/03/28",95,3,1,"Koumassi"
"656","2020/03/29",110,3,3,"Koumassi"
"657","2020/03/30",139,3,7,"Koumassi"
"658","2020/03/31",141,3,7,"Koumassi"
"659","2020/04/01",172,3,10,"Koumassi"
"660","2020/04/02",219,3,14,"Koumassi"
"661","2020/04/03",222,3,15,"Koumassi"
"662","2020/04/04",264,3,15,"Koumassi"
"663","2020/04/05",268,6,22,"Koumassi"
"664","2020/04/06",298,6,22,"Koumassi"
"665","2020/04/07",305,6,22,"Koumassi"
"666","2020/04/08",312,6,22,"Koumassi"
"667","2020/04/09",343,6,23,"Koumassi"
"668","2020/04/10",382,7,23,"Koumassi"
"669","2020/04/11",392,7,24,"Koumassi"
"670","2020/04/12",393,7,25,"Koumassi"
"671","2020/04/13",397,7,25,"Koumassi"
"672","2020/04/14",407,7,26,"Koumassi"
"673","2020/01/22",0,0,0,"Plateau"
"674","2020/01/23",0,0,0,"Plateau"
"675","2020/01/24",0,0,0,"Plateau"
"676","2020/01/25",0,0,0,"Plateau"
"677","2020/01/26",0,0,0,"Plateau"
"678","2020/01/27",0,0,0,"Plateau"
"679","2020/01/28",0,0,0,"Plateau"
"680","2020/01/29",0,0,0,"Plateau"
"681","2020/01/30",0,0,0,"Plateau"
"682","2020/01/31",0,0,0,"Plateau"
"683","2020/02/01",0,0,0,"Plateau"
"684","2020/02/02",0,0,0,"Plateau"
"685","2020/02/03",0,0,0,"Plateau"
"686","2020/02/04",0,0,0,"Plateau"
"687","2020/02/05",0,0,0,"Plateau"
"688","2020/02/06",0,0,0,"Plateau"
"689","2020/02/07",0,0,0,"Plateau"
"690","2020/02/08",0,0,0,"Plateau"
"691","2020/02/09",0,0,0,"Plateau"
"692","2020/02/10",0,0,0,"Plateau"
"693","2020/02/11",0,0,0,"Plateau"
"694","2020/02/12",0,0,0,"Plateau"
"695","2020/02/13",0,0,0,"Plateau"
"696","2020/02/14",0,0,0,"Plateau"
"697","2020/02/15",0,0,0,"Plateau"
"698","2020/02/16",0,0,0,"Plateau"
"699","2020/02/17",0,0,0,"Plateau"
"700","2020/02/18",0,0,0,"Plateau"
"701","2020/02/19",0,0,0,"Plateau"
"702","2020/02/20",0,0,0,"Plateau"
"703","2020/02/21",0,0,0,"Plateau"
"704","2020/02/22",0,0,0,"Plateau"
"705","2020/02/23",0,0,0,"Plateau"
"706","2020/02/24",0,0,0,"Plateau"
"707","2020/02/25",0,0,0,"Plateau"
"708","2020/02/26",0,0,0,"Plateau"
"709","2020/02/27",0,0,0,"Plateau"
"710","2020/02/28",0,0,0,"Plateau"
"711","2020/02/29",0,0,0,"Plateau"
"712","2020/03/01",0,0,0,"Plateau"
"713","2020/03/02",0,0,0,"Plateau"
"714","2020/03/03",0,0,0,"Plateau"
"715","2020/03/04",0,0,0,"Plateau"
"716","2020/03/05",0,0,0,"Plateau"
"717","2020/03/06",0,0,0,"Plateau"
"718","2020/03/07",0,0,0,"Plateau"
"719","2020/03/08",0,0,0,"Plateau"
"720","2020/03/09",0,0,0,"Plateau"
"721","2020/03/10",0,0,0,"Plateau"
"722","2020/03/11",0,0,0,"Plateau"
"723","2020/03/12",0,0,0,"Plateau"
"724","2020/03/13",0,0,0,"Plateau"
"725","2020/03/14",0,0,0,"Plateau"
"726","2020/03/15",0,0,0,"Plateau"
"727","2020/03/16",0,0,0,"Plateau"
"728","2020/03/17",0,0,0,"Plateau"
"729","2020/03/18",2,0,0,"Plateau"
"730","2020/03/19",2,0,0,"Plateau"
"731","2020/03/20",2,0,0,"Plateau"
"732","2020/03/21",2,0,0,"Plateau"
"733","2020/03/22",3,0,0,"Plateau"
"734","2020/03/23",3,0,0,"Plateau"
"735","2020/03/24",3,0,0,"Plateau"
"736","2020/03/25",12,0,0,"Plateau"
"737","2020/03/26",16,0,0,"Plateau"
"738","2020/03/27",22,0,0,"Plateau"
"739","2020/03/28",28,0,0,"Plateau"
"740","2020/03/29",29,0,0,"Plateau"
"741","2020/03/30",35,0,0,"Plateau"
"742","2020/03/31",35,0,0,"Plateau"
"743","2020/04/01",36,0,0,"Plateau"
"744","2020/04/02",39,0,1,"Plateau"
"745","2020/04/03",39,2,1,"Plateau"
"746","2020/04/04",39,2,1,"Plateau"
"747","2020/04/05",39,3,1,"Plateau"
"748","2020/04/06",39,5,1,"Plateau"
"749","2020/04/07",39,7,1,"Plateau"
"750","2020/04/08",39,7,1,"Plateau"
"751","2020/04/09",39,24,1,"Plateau"
"752","2020/04/10",40,25,2,"Plateau"
"753","2020/04/11",40,28,2,"Plateau"
"754","2020/04/12",43,30,2,"Plateau"
"755","2020/04/13",45,30,2,"Plateau"
"756","2020/04/14",45,30,2,"Plateau"
"757","2020/01/22",0,0,0,"Attecoube"
"758","2020/01/23",0,0,0,"Attecoube"
"759","2020/01/24",0,0,0,"Attecoube"
"760","2020/01/25",0,0,0,"Attecoube"
"761","2020/01/26",0,0,0,"Attecoube"
"762","2020/01/27",0,0,0,"Attecoube"
"763","2020/01/28",0,0,0,"Attecoube"
"764","2020/01/29",0,0,0,"Attecoube"
"765","2020/01/30",0,0,0,"Attecoube"
"766","2020/01/31",0,0,0,"Attecoube"
"767","2020/02/01",0,0,0,"Attecoube"
"768","2020/02/02",0,0,0,"Attecoube"
"769","2020/02/03",0,0,0,"Attecoube"
"770","2020/02/04",0,0,0,"Attecoube"
"771","2020/02/05",0,0,0,"Attecoube"
"772","2020/02/06",0,0,0,"Attecoube"
"773","2020/02/07",0,0,0,"Attecoube"
"774","2020/02/08",0,0,0,"Attecoube"
"775","2020/02/09",0,0,0,"Attecoube"
"776","2020/02/10",0,0,0,"Attecoube"
"777","2020/02/11",0,0,0,"Attecoube"
"778","2020/02/12",0,0,0,"Attecoube"
"779","2020/02/13",0,0,0,"Attecoube"
"780","2020/02/14",0,0,0,"Attecoube"
"781","2020/02/15",0,0,0,"Attecoube"
"782","2020/02/16",0,0,0,"Attecoube"
"783","2020/02/17",0,0,0,"Attecoube"
"784","2020/02/18",0,0,0,"Attecoube"
"785","2020/02/19",0,0,0,"Attecoube"
"786","2020/02/20",0,0,0,"Attecoube"
"787","2020/02/21",0,0,0,"Attecoube"
"788","2020/02/22",0,0,0,"Attecoube"
"789","2020/02/23",0,0,0,"Attecoube"
"790","2020/02/24",0,0,0,"Attecoube"
"791","2020/02/25",0,0,0,"Attecoube"
"792","2020/02/26",0,0,0,"Attecoube"
"793","2020/02/27",0,0,0,"Attecoube"
"794","2020/02/28",0,0,0,"Attecoube"
"795","2020/02/29",0,0,0,"Attecoube"
"796","2020/03/01",0,0,0,"Attecoube"
"797","2020/03/02",0,0,0,"Attecoube"
"798","2020/03/03",0,0,0,"Attecoube"
"799","2020/03/04",0,0,0,"Attecoube"
"800","2020/03/05",0,0,0,"Attecoube"
"801","2020/03/06",0,0,0,"Attecoube"
"802","2020/03/07",0,0,0,"Attecoube"
"803","2020/03/08",0,0,0,"Attecoube"
"804","2020/03/09",0,0,0,"Attecoube"
"805","2020/03/10",0,0,0,"Attecoube"
"806","2020/03/11",0,0,0,"Attecoube"
"807","2020/03/12",0,0,0,"Attecoube"
"808","2020/03/13",0,0,0,"Attecoube"
"809","2020/03/14",0,0,0,"Attecoube"
"810","2020/03/15",0,0,0,"Attecoube"
"811","2020/03/16",0,0,0,"Attecoube"
"812","2020/03/17",0,0,0,"Attecoube"
"813","2020/03/18",0,0,0,"Attecoube"
"814","2020/03/19",0,0,0,"Attecoube"
"815","2020/03/20",1,0,0,"Attecoube"
"816","2020/03/21",3,0,0,"Attecoube"
"817","2020/03/22",3,0,0,"Attecoube"
"818","2020/03/23",3,0,1,"Attecoube"
"819","2020/03/24",3,0,1,"Attecoube"
"820","2020/03/25",3,0,1,"Attecoube"
"821","2020/03/26",3,0,1,"Attecoube"
"822","2020/03/27",5,0,1,"Attecoube"
"823","2020/03/28",7,0,1,"Attecoube"
"824","2020/03/29",7,0,1,"Attecoube"
"825","2020/03/30",7,0,1,"Attecoube"
"826","2020/03/31",8,0,1,"Attecoube"
"827","2020/04/01",8,0,1,"Attecoube"
"828","2020/04/02",9,0,1,"Attecoube"
"829","2020/04/03",9,0,1,"Attecoube"
"830","2020/04/04",9,0,1,"Attecoube"
"831","2020/04/05",9,0,1,"Attecoube"
"832","2020/04/06",10,0,1,"Attecoube"
"833","2020/04/07",11,0,2,"Attecoube"
"834","2020/04/08",11,0,3,"Attecoube"
"835","2020/04/09",11,0,3,"Attecoube"
"836","2020/04/10",13,0,3,"Attecoube"
"837","2020/04/11",14,0,3,"Attecoube"
"838","2020/04/12",14,0,3,"Attecoube"
"839","2020/04/13",17,0,3,"Attecoube"
"840","2020/04/14",17,0,3,"Attecoube"
